<?xml version="1.0" encoding="UTF-8"?>
<faces-config xmlns="http://xmlns.jcp.org/xml/ns/javaee"
	xmlns:xsi="http://www.w3.org/2001/XMLSchema-instance"
	xsi:schemaLocation="http://xmlns.jcp.org/xml/ns/javaee http://xmlns.jcp.org/xml/ns/javaee/web-facesconfig_2_2.xsd"
	version="2.2">

	<application>
		<message-bundle>br.edu.ifpb.restdelivery.Messages</message-bundle>
		<locale-config>
			<default-locale>pt_BR</default-locale>
		</locale-config>

		<resource-bundle>
			<base-name>JSF Primefaces File Upload</base-name>
			<var>labels</var>
		</resource-bundle>

	</application>

	<navigation-rule>
		<from-view-id>fileUpload.xhtml</from-view-id>
		<navigation-case>
			<from-action>#{fileUploadBean.uploadResume}</from-action>
			<from-outcome>success</from-outcome>
			<to-view-id>FileUploadAck.xhtml</to-view-id>
		</navigation-case>
	</navigation-rule>

	<factory>
		<exception-handler-factory>
			br.edu.ifpb.restdelivery.util.jsf.JsfExceptionHandlerFactory
		</exception-handler-factory>

	</factory>

</faces-config>
